snapshot_date,as_of_time,supply,account_count,structures_count,total_securitization,total_participation,total_warehoused,total_pools,total_unstructured,scraped_at,securitized_usd,whole_loan_usd,securitized_share
2026-10-06,1791291653,23544660846378.0,6172,85822,10358524190162.0,518909728449.0,7279314052020.0,4746562071647.0,504354530920.0,2026-10-06T15:29:23.408429+00:00,10358524190162.0,13049140383036.0,0.4425270260418295
2026-10-05,1791205244,23490927107778.0,6152,85192,10363433831742.0,518970818839.0,7260646551720.0,4736469915207.0,473886422130.0,2026-10-05T16:03:23.262602+00:00,10363433831742.0,12989973707896.0,0.443765382595753
2026-10-04,1791118827,23483399173928.0,6152,85188,10364764527102.0,519017593449.0,7251478165340.0,4736808462957.0,473804186510.0,2026-10-04T14:25:09.174296+00:00,10364764527102.0,12981108408256.0,0.4439656017918381
2026-10-03,1791032405,23475311103758.0,6149,85169,10366664440542.0,519086663529.0,7253855702140.0,4724897713177.0,473229362050.0,2026-10-03T13:50:58.351773+00:00,10366664440542.0,12971069440896.0,0.44420184466955787
2026-10-02,1790946025,23434048822568.0,6129,84895,10373448698052.0,519187217849.0,7210446841210.0,4743621032347.0,449629071620.0,2026-10-02T14:34:20.288748+00:00,10373448698052.0,12922884163026.0,0.4452824725638808
2026-10-01,1790859650,23399762227818.0,6103,83918,10383643245802.0,520131302939.0,7205418484720.0,4729476117857.0,422763314320.0,2026-10-01T15:04:23.924689+00:00,10383643245802.0,12877789219836.0,0.44638881380761103
2026-09-30,1790773204,23338281494918.0,6070,83837,10393121581662.0,520984703049.0,7324584167760.0,4511886118557.0,421243100870.0,2026-09-30T14:37:09.017510+00:00,10393121581662.0,12778698090236.0,0.44852418708688757
2026-09-29,1790686809,23265196545668.0,6040,83742,10403963169642.0,521330577829.0,7500820539950.0,4149362210917.0,523468770460.0,2026-09-29T14:47:07.398729+00:00,10403963169642.0,12694982099156.0,0.45040858136910905
2026-09-28,1790600430,23202972251118.0,6019,83219,10097191531062.0,521630978029.0,7701870843530.0,4247258232427.0,468167337780.0,2026-09-28T15:21:31.737798+00:00,10097191531062.0,12938927391766.0,0.43831999499950625
2026-09-27,1790514005,23193525454108.0,6018,83209,10098758141512.0,521744815749.0,7687883262140.0,4248116363587.0,470138709070.0,2026-09-27T13:55:21.160540+00:00,10098758141512.0,12927883150546.0,0.4385684396358365
2026-09-26,1790427629,23181959779848.0,6016,83190,10099600960162.0,521826858189.0,7688817540740.0,4236303075487.0,468522647520.0,2026-09-26T13:30:01.878997+00:00,10099600960162.0,12915470121936.0,0.4388255384541417
2026-09-25,1790341224,23149018497978.0,5993,82879,10111938230342.0,522123804269.0,7677336640350.0,4214860531597.0,455632597260.0,2026-09-25T13:45:37.110614+00:00,10111938230342.0,12869953573476.0,0.4399959027159851
2026-09-24,1790254840,23089131934788.0,5959,82417,10119692727912.0,522499140729.0,7980655232740.0,3853814851947.0,447203735340.0,2026-09-24T13:47:54.354044+00:00,10119692727912.0,12804172960756.0,0.4414479156940135
2026-09-23,1790168405,23042572971368.0,5937,82104,10126854480902.0,522818147499.0,7951603205190.0,3857296202327.0,418501631330.0,2026-09-23T13:26:59.265645+00:00,10126854480902.0,12750219186346.0,0.4426638926026683
2026-09-22,1789995629,22764228455528.0,5876,81291,10146343319992.0,523340751559.0,7703042049160.0,3803747198997.0,425077032440.0,2026-09-22T03:55:52.114537+00:00,10146343319992.0,12455207032156.0,0.4489224483234494
2026-09-21,1789909238,22764498352398.0,5874,81279,10147283609182.0,523386305219.0,7668823728330.0,3836597040077.0,425721868730.0,2026-09-21T04:45:38.138839+00:00,10147283609182.0,12454528942356.0,0.44895884283809356
2026-09-18,1789736441,22705389532338.0,5853,80927,10153509570012.0,523779380319.0,7657577166040.0,3781888639807.0,425533305100.0,2026-09-18T18:05:33.457748+00:00,10153509570012.0,12388778491266.0,0.4504205403821977
2026-09-15,1789390839,22558008629268.0,5728,79179,9831246205302.0,525071739739.0,7850878687520.0,3675233744217.0,514907686560.0,2026-09-15T03:15:01.279027+00:00,9831246205302.0,12566091858036.0,0.4389470827961774
