originator_address,months_since_first_loan,cumulative_funded_volume_usd
pb13knswfs6ack05wveq5nua7jgc5jnld3zg8xl52,0,196817248.53
pb14ep8k6jtc338c00t9khyrydpw7vywagdzqntwz,0,23207827.8
pb18ahv649kg2lfxs786zmpzepn0mhdrafk4fn7df,0,21092592.0
pb1awn7unm6pv3rd9s0wzg4vje357dn3pn8ua530c,0,79257634.08
pb1fmxzuzx5c4ja50vu94nt0aessnuedzmppde8qr,0,27059657.39
pb1k38pa6rgnepcs592n4mvr3hxucw8tslprcmlvk,0,59302712.45
pb1kx5k0nr068xhxgcmnzzef9523cxdcexlm3r29w,0,166434984.35
pb1xn26pu6csqg4vj2apq4x4muvc8g2vgazea9ack,0,260212397.0
pb1xvd4k9jg5h0d4dhzr4z0txtwe9p5zxf58xcmxd,0,337859312.97
pb1xzl9wgh0ry2dma43f58vmuteqd3996j6mhqhgz,0,25143788.23
