originator_address,loan_class,loan_count,volume_usd,share_of_originator_volume,period
pb109v8r0nk4du3k7vw3yf5dt8cjnhp9dtmaqahaa,Other,75,6787481.16,0.5449183858756326,all_time
pb109v8r0nk4du3k7vw3yf5dt8cjnhp9dtmaqahaa,HELOC/Property-Secured,75,5668478.0,0.45508161412436743,all_time
pb109v8r0nk4du3k7vw3yf5dt8cjnhp9dtmaqahaa,Unknown,15,,0.0,all_time
pb10s99z88nk2daxs6yu2dm6us7fev94rjfu0gtvy,HELOC/Property-Secured,11,949595.96,0.6246551571140047,all_time
pb10s99z88nk2daxs6yu2dm6us7fev94rjfu0gtvy,Other,5,570596.34,0.37534484288599546,all_time
pb10s99z88nk2daxs6yu2dm6us7fev94rjfu0gtvy,Unknown,2,,0.0,all_time
pb122kltu7dcqz72hfgexhgy8ur8avpwzczgre48a,HELOC/Property-Secured,4,840468.7100000001,0.5890827278796474,all_time
pb122kltu7dcqz72hfgexhgy8ur8avpwzczgre48a,Other,8,586272.6799999999,0.41091727212035245,all_time
pb122kltu7dcqz72hfgexhgy8ur8avpwzczgre48a,Unknown,2,,0.0,all_time
pb1240n3tcqss8cyffwumvyztkhs87w6trnuwesuj,Other,1,119892.39,0.6050085473604915,all_time
pb1240n3tcqss8cyffwumvyztkhs87w6trnuwesuj,HELOC/Property-Secured,2,78274.05,0.3949914526395085,all_time
pb124wek8vukun3wgtvg8g6qk8ghrjpdpw0gwqngv,Other,14,1790426.63,0.7236440219560775,all_time
pb124wek8vukun3wgtvg8g6qk8ghrjpdpw0gwqngv,HELOC/Property-Secured,4,683754.84,0.27635597804392253,all_time
pb124wek8vukun3wgtvg8g6qk8ghrjpdpw0gwqngv,Unknown,3,,0.0,all_time
pb129e6pvjd4d289kkayjtev9gmyg0flj77qhgx6g,Other,20,727511.71,0.5738766905484401,all_time
pb129e6pvjd4d289kkayjtev9gmyg0flj77qhgx6g,Consumer/Unsecured,21,540202.63,0.42612330945155996,all_time
pb129e6pvjd4d289kkayjtev9gmyg0flj77qhgx6g,Unknown,3,,0.0,all_time
pb12dyqf6zh3g8tqvk5hp8mqavj75700yy04xud59,HELOC/Property-Secured,60,3588474.16,0.504806336037701,all_time
pb12dyqf6zh3g8tqvk5hp8mqavj75700yy04xud59,Other,48,3520141.37,0.495193663962299,all_time
pb12dyqf6zh3g8tqvk5hp8mqavj75700yy04xud59,Unknown,15,,0.0,all_time
pb12kehrlcjc94kzzdzycwq0nmd0hvc7y2gw6r57k,Consumer/Unsecured,68,5196250.97,1.0,all_time
pb12nsrzh96vgelvfy74cwgx3phvn4efuhjzpydvr,HELOC/Property-Secured,6,408045.7,0.5002270813377315,all_time
pb12nsrzh96vgelvfy74cwgx3phvn4efuhjzpydvr,Other,4,407675.23,0.4997729186622685,all_time
pb12nsrzh96vgelvfy74cwgx3phvn4efuhjzpydvr,Unknown,1,,0.0,all_time
pb133qjg9lr69qv04fxxnxnscjjjnt309d3y4jtdq,Other,4,451287.04,0.6282137490942459,all_time
pb133qjg9lr69qv04fxxnxnscjjjnt309d3y4jtdq,HELOC/Property-Secured,2,267078.39,0.37178625090575423,all_time
pb133qjg9lr69qv04fxxnxnscjjjnt309d3y4jtdq,Unknown,1,,0.0,all_time
pb134yg6h3g0vjq9ct2lpmx6sdxv3yuz942wrpxuu,Other,129,16724822.74,0.590614389455896,all_time
pb134yg6h3g0vjq9ct2lpmx6sdxv3yuz942wrpxuu,HELOC/Property-Secured,121,11592846.18,0.40938561054410405,all_time
pb134yg6h3g0vjq9ct2lpmx6sdxv3yuz942wrpxuu,Unknown,17,,0.0,all_time
pb13hwukq2k02wezfl8y8k7emszq66djj8kjanccy,Other,1,255500.0,0.6804260985352862,all_time
pb13hwukq2k02wezfl8y8k7emszq66djj8kjanccy,HELOC/Property-Secured,1,120000.0,0.3195739014647137,all_time
pb13knswfs6ack05wveq5nua7jgc5jnld3zg8xl52,Other,2520,164965275.67,0.5094747565838562,all_time
pb13knswfs6ack05wveq5nua7jgc5jnld3zg8xl52,HELOC/Property-Secured,2479,158829521.89,0.49052524341614384,all_time
pb13knswfs6ack05wveq5nua7jgc5jnld3zg8xl52,Unknown,501,,0.0,all_time
pb13y4nf5d3qf8u25ahprtes4y3sem3vg0s9q8rhp,HELOC/Property-Secured,7,1160372.46,0.578463000291392,all_time
pb13y4nf5d3qf8u25ahprtes4y3sem3vg0s9q8rhp,Other,9,845585.5,0.4215369997086081,all_time
pb13y4nf5d3qf8u25ahprtes4y3sem3vg0s9q8rhp,Unknown,3,,0.0,all_time
pb140pagg090ymlw468s8qurj3guknn6xhpkyyxkf,HELOC/Property-Secured,26,1750192.95,0.5697283921742975,all_time
pb140pagg090ymlw468s8qurj3guknn6xhpkyyxkf,Other,17,1321784.81,0.43027160782570256,all_time
pb140pagg090ymlw468s8qurj3guknn6xhpkyyxkf,Unknown,8,,0.0,all_time
pb14avsmj2j4let700u4l7m6m3j9afpufpu03s0lv,HELOC/Property-Secured,18,1570786.23,0.6015395134906586,all_time
pb14avsmj2j4let700u4l7m6m3j9afpufpu03s0lv,Other,16,1040490.66,0.3984604865093414,all_time
pb14avsmj2j4let700u4l7m6m3j9afpufpu03s0lv,Unknown,4,,0.0,all_time
pb14ep8k6jtc338c00t9khyrydpw7vywagdzqntwz,Other,207,18670702.8,0.501203150859105,all_time
pb14ep8k6jtc338c00t9khyrydpw7vywagdzqntwz,HELOC/Property-Secured,244,18581063.81,0.498796849140895,all_time
pb14ep8k6jtc338c00t9khyrydpw7vywagdzqntwz,Unknown,34,,0.0,all_time
pb14kg4dqa8dalz3x5r8gfugtekyjzv47ujaewx3j,Other,32,3064689.2600000002,0.6309323128637693,all_time
pb14kg4dqa8dalz3x5r8gfugtekyjzv47ujaewx3j,HELOC/Property-Secured,20,1792708.5899999999,0.3690676871362308,all_time
pb14kg4dqa8dalz3x5r8gfugtekyjzv47ujaewx3j,Unknown,2,,0.0,all_time
pb150y6qkszzccf4gapvywe6lvaaraant8acjk6t4,HELOC/Property-Secured,70,6787410.96,0.5326044358013653,all_time
pb150y6qkszzccf4gapvywe6lvaaraant8acjk6t4,Other,63,5956401.34,0.4673955641986346,all_time
pb150y6qkszzccf4gapvywe6lvaaraant8acjk6t4,Unknown,12,,0.0,all_time
pb1589kxggzm5sd82dzre47zpp9wjnr4fr229srtj,HELOC/Property-Secured,242,15769815.84,0.5113601063768035,all_time
pb1589kxggzm5sd82dzre47zpp9wjnr4fr229srtj,Other,235,15069148.02,0.48863989362319643,all_time
pb1589kxggzm5sd82dzre47zpp9wjnr4fr229srtj,Unknown,60,,0.0,all_time
pb15dwvkq7kqcn2aq5j3hfq2hl6j7vf2jju95rr6l,HELOC/Property-Secured,12,1403963.65,0.7616557559728919,all_time
pb15dwvkq7kqcn2aq5j3hfq2hl6j7vf2jju95rr6l,Other,7,439341.07,0.23834424402710802,all_time
pb15dwvkq7kqcn2aq5j3hfq2hl6j7vf2jju95rr6l,Unknown,3,,0.0,all_time
pb15v4p3nnshcm6lrrmtr74adn82fdj6f44r7agus,Other,18,1338733.95,0.5529120638482875,all_time
pb15v4p3nnshcm6lrrmtr74adn82fdj6f44r7agus,HELOC/Property-Secured,13,1082508.12,0.4470879361517124,all_time
pb15v4p3nnshcm6lrrmtr74adn82fdj6f44r7agus,Unknown,4,,0.0,all_time
pb1677uewvnxxn2fawu9ryjfpraft08lfj2yx3t6n,Other,5,309078.96,0.5196220088535429,all_time
pb1677uewvnxxn2fawu9ryjfpraft08lfj2yx3t6n,HELOC/Property-Secured,4,285736.02999999997,0.48037799114645713,all_time
pb1677uewvnxxn2fawu9ryjfpraft08lfj2yx3t6n,Unknown,2,,0.0,all_time
pb168te2ldecf4fz8fu0m8t4jqjmmm3rcw5fcn4e4,Other,9,864314.22,0.6020793233249654,all_time
pb168te2ldecf4fz8fu0m8t4jqjmmm3rcw5fcn4e4,HELOC/Property-Secured,6,571234.53,0.39792067667503456,all_time
pb168te2ldecf4fz8fu0m8t4jqjmmm3rcw5fcn4e4,Unknown,3,,0.0,all_time
pb16j3hxhr0m56h9u9ptdtz2qpmtd7333f77h64m6,Other,308,17911818.36,0.5366965141810174,all_time
pb16j3hxhr0m56h9u9ptdtz2qpmtd7333f77h64m6,HELOC/Property-Secured,301,15462384.540000001,0.46330348581898273,all_time
pb16j3hxhr0m56h9u9ptdtz2qpmtd7333f77h64m6,Unknown,81,,0.0,all_time
pb17dclamw0hsw5julkcq2vmu5860t5y3m2ys6p9j,Other,5,335145.42000000004,0.7418171951967837,all_time
pb17dclamw0hsw5julkcq2vmu5860t5y3m2ys6p9j,HELOC/Property-Secured,1,116644.35,0.2581828048032163,all_time
pb17e03lfm0sxjkf860l4n2j2h5yh4s9etq5l9laq,Other,165,15381983.08,0.5172169435140316,all_time
pb17e03lfm0sxjkf860l4n2j2h5yh4s9etq5l9laq,HELOC/Property-Secured,191,14357922.53,0.4827830564859684,all_time
pb17e03lfm0sxjkf860l4n2j2h5yh4s9etq5l9laq,Unknown,33,,0.0,all_time
pb17rdyxrasvgjj3pzlaf42vyeqfp4mnhtkmj0wpc,Other,30,1942971.42,0.5737169117523628,all_time
pb17rdyxrasvgjj3pzlaf42vyeqfp4mnhtkmj0wpc,HELOC/Property-Secured,28,1443666.45,0.42628308824763717,all_time
pb17rdyxrasvgjj3pzlaf42vyeqfp4mnhtkmj0wpc,Unknown,6,,0.0,all_time
pb18ahv649kg2lfxs786zmpzepn0mhdrafk4fn7df,HELOC/Property-Secured,117,37363463.0,1.0,all_time
pb18ahv649kg2lfxs786zmpzepn0mhdrafk4fn7df,Unknown,16,,0.0,all_time
pb18yq9swqhpy3dln5ymsvy4h5p306e3pavje07cf,Other,12,1006910.89,0.5812883340399373,all_time
pb18yq9swqhpy3dln5ymsvy4h5p306e3pavje07cf,HELOC/Property-Secured,5,725294.68,0.4187116659600627,all_time
pb18yq9swqhpy3dln5ymsvy4h5p306e3pavje07cf,Unknown,1,,0.0,all_time
pb19lfletjfpj8fpdwdg48ddmqyl0u883smyrxlnp,Other,1,62756.34,0.7151136158006935,all_time
pb19lfletjfpj8fpdwdg48ddmqyl0u883smyrxlnp,HELOC/Property-Secured,1,25000.82,0.28488638419930634,all_time
pb1awn7unm6pv3rd9s0wzg4vje357dn3pn8ua530c,HELOC/Property-Secured,1203,67425427.33,0.5148090966042258,all_time
pb1awn7unm6pv3rd9s0wzg4vje357dn3pn8ua530c,Other,1117,63546281.94,0.48519090339577425,all_time
pb1awn7unm6pv3rd9s0wzg4vje357dn3pn8ua530c,Unknown,214,,0.0,all_time
pb1ctgq4kad8js2s7xs5m968zr6yxp00mq7z99n5l,Other,15,1818771.24,0.5307806624978753,all_time
pb1ctgq4kad8js2s7xs5m968zr6yxp00mq7z99n5l,HELOC/Property-Secured,16,1607825.41,0.46921933750212474,all_time
pb1ctgq4kad8js2s7xs5m968zr6yxp00mq7z99n5l,Unknown,2,,0.0,all_time
pb1efe0u0aegxyjqagwp3er9nf2l72r4ea7zrwtqs,HELOC/Property-Secured,15,964799.58,0.5865099979116514,all_time
pb1efe0u0aegxyjqagwp3er9nf2l72r4ea7zrwtqs,Other,11,680184.4500000001,0.4134900020883486,all_time
pb1efe0u0aegxyjqagwp3er9nf2l72r4ea7zrwtqs,Unknown,4,,0.0,all_time
pb1eg9vk7wppa7dqt3865rtjpwg59fe0z5xe7d847,Other,2,168531.52,1.0,all_time
pb1ekud7fc3gl6c34c3xqyupqxt20r678rh3e9hxh,Other,42,3644599.37,0.5466871860045932,all_time
pb1ekud7fc3gl6c34c3xqyupqxt20r678rh3e9hxh,HELOC/Property-Secured,50,3022100.46,0.4533128139954068,all_time
pb1ekud7fc3gl6c34c3xqyupqxt20r678rh3e9hxh,Unknown,7,,0.0,all_time
pb1eswwhdnm9tfkl0jv9jeurzvlnsdq7k073mkx5z,HELOC/Property-Secured,2,288196.38,0.5731742376304035,all_time
pb1eswwhdnm9tfkl0jv9jeurzvlnsdq7k073mkx5z,Other,1,214611.25,0.4268257623695965,all_time
pb1eswwhdnm9tfkl0jv9jeurzvlnsdq7k073mkx5z,Unknown,1,,0.0,all_time
pb1ezskr02qt7wyaaguq3wk0rgfjsvpwrrkufeh43,HELOC/Property-Secured,1,576000.0,0.7828746177370031,all_time
pb1ezskr02qt7wyaaguq3wk0rgfjsvpwrrkufeh43,Other,1,159750.0,0.21712538226299694,all_time
pb1fe4dczsg6xwzulr74zjzkf9rllsfnvr8pgxw7f,Other,17,1951548.99,0.5495094316104135,all_time
pb1fe4dczsg6xwzulr74zjzkf9rllsfnvr8pgxw7f,HELOC/Property-Secured,16,1599889.58,0.4504905683895864,all_time
pb1fe4dczsg6xwzulr74zjzkf9rllsfnvr8pgxw7f,Unknown,1,,0.0,all_time
pb1fmxzuzx5c4ja50vu94nt0aessnuedzmppde8qr,Other,319,23607033.36,0.5088931630862574,all_time
pb1fmxzuzx5c4ja50vu94nt0aessnuedzmppde8qr,HELOC/Property-Secured,314,22781943.88,0.4911068369137427,all_time
pb1fmxzuzx5c4ja50vu94nt0aessnuedzmppde8qr,Unknown,65,,0.0,all_time
pb1g7n9qcd7zzpafv0zx8u6gdqvj34aalqapygrks,HELOC/Property-Secured,42,4501806.47,0.6944975068457766,all_time
pb1g7n9qcd7zzpafv0zx8u6gdqvj34aalqapygrks,Other,26,1980299.55,0.3055024931542234,all_time
pb1g7n9qcd7zzpafv0zx8u6gdqvj34aalqapygrks,Unknown,2,,0.0,all_time
pb1gpkulw7lfs850speyf4f4yxtcdxx2punyr8ld3,Other,39,2000850.1,0.5272597020648824,all_time
pb1gpkulw7lfs850speyf4f4yxtcdxx2punyr8ld3,HELOC/Property-Secured,39,1793959.35,0.4727402979351177,all_time
pb1gpkulw7lfs850speyf4f4yxtcdxx2punyr8ld3,Unknown,13,,0.0,all_time
pb1h3cazsx4p6v3alf0ejuq68qge59k9r9pfrqzlr,HELOC/Property-Secured,37,2888371.57,0.5463346661396173,all_time
pb1h3cazsx4p6v3alf0ejuq68qge59k9r9pfrqzlr,Other,26,2398445.74,0.4536653338603826,all_time
pb1h3cazsx4p6v3alf0ejuq68qge59k9r9pfrqzlr,Unknown,9,,0.0,all_time
pb1hq228xhdc9hfcav2z8xvyzpyejs2k0tfayrk2r,Other,7,676451.6699999999,0.6430578433879053,all_time
pb1hq228xhdc9hfcav2z8xvyzpyejs2k0tfayrk2r,HELOC/Property-Secured,7,375478.07,0.35694215661209466,all_time
pb1hq228xhdc9hfcav2z8xvyzpyejs2k0tfayrk2r,Unknown,1,,0.0,all_time
pb1j5n8r23euphx7medsslqwhpyxsksh5ajtldcql,Other,4,398989.17000000004,0.826024908908614,all_time
pb1j5n8r23euphx7medsslqwhpyxsksh5ajtldcql,HELOC/Property-Secured,1,84034.0,0.17397509109138592,all_time
pb1j5n8r23euphx7medsslqwhpyxsksh5ajtldcql,Unknown,1,,0.0,all_time
pb1jns80rlj7qq5087s84sl68z5rsk5q3d6qq92pg,Other,14,1619781.16,0.730562511758515,all_time
pb1jns80rlj7qq5087s84sl68z5rsk5q3d6qq92pg,HELOC/Property-Secured,5,597388.67,0.2694374882414849,all_time
pb1jns80rlj7qq5087s84sl68z5rsk5q3d6qq92pg,Unknown,3,,0.0,all_time
pb1jxzl7tqrga090yz8sf0z0z76sxj6an3kcuwy6g,HELOC/Property-Secured,12,1571764.0,0.5789377916763355,all_time
pb1jxzl7tqrga090yz8sf0z0z76sxj6an3kcuwy6g,Other,16,1143146.0,0.4210622083236645,all_time
pb1jxzl7tqrga090yz8sf0z0z76sxj6an3kcuwy6g,Unknown,2,,0.0,all_time
pb1k38pa6rgnepcs592n4mvr3hxucw8tslprcmlvk,HELOC/Property-Secured,825,49517439.18,0.5064254345506481,all_time
pb1k38pa6rgnepcs592n4mvr3hxucw8tslprcmlvk,Other,828,48260902.51,0.4935745654493519,all_time
pb1k38pa6rgnepcs592n4mvr3hxucw8tslprcmlvk,Unknown,198,,0.0,all_time
pb1k7d03wg6sfzu2gpzvn0m86eeh5n84n3ln0944l,Other,1,205000.0,1.0,all_time
pb1ktdq0qzdkxeafxuagteyelv2cagwpn0ulwp4lp,HELOC/Property-Secured,1,95500.96,0.6505007170421164,all_time
pb1ktdq0qzdkxeafxuagteyelv2cagwpn0ulwp4lp,Other,1,51310.5,0.34949928295788346,all_time
pb1kx5k0nr068xhxgcmnzzef9523cxdcexlm3r29w,Other,1517,136425787.61,0.5146975213824584,all_time
pb1kx5k0nr068xhxgcmnzzef9523cxdcexlm3r29w,HELOC/Property-Secured,1433,128634334.0,0.48530247861754156,all_time
pb1kx5k0nr068xhxgcmnzzef9523cxdcexlm3r29w,Unknown,279,,0.0,all_time
pb1m2qnazr9xjha8v8ffc7ff06l8kdealpvvpr7tu,Other,16,1944181.73,0.5409368988256361,all_time
pb1m2qnazr9xjha8v8ffc7ff06l8kdealpvvpr7tu,HELOC/Property-Secured,11,1649919.05,0.45906310117436383,all_time
pb1m2qnazr9xjha8v8ffc7ff06l8kdealpvvpr7tu,Unknown,2,,0.0,all_time
pb1mke6ngdy9ugxhj4ke7a49ayzgqk8qx0t3aqsls,Other,3,378387.18,0.5808908557834633,all_time
pb1mke6ngdy9ugxhj4ke7a49ayzgqk8qx0t3aqsls,HELOC/Property-Secured,1,273004.0,0.4191091442165367,all_time
pb1ml9tzy5znrnnaj6pqnl86gagxlv8jrydk2jjdq,HELOC/Property-Secured,26,2236794.09,0.5338492666312242,all_time
pb1ml9tzy5znrnnaj6pqnl86gagxlv8jrydk2jjdq,Other,25,1953141.59,0.46615073336877577,all_time
pb1ml9tzy5znrnnaj6pqnl86gagxlv8jrydk2jjdq,Unknown,4,,0.0,all_time
pb1mlw6hrg0fx79txuzq6frj2vms8gvxntep75f67,HELOC/Property-Secured,17,1863445.38,0.561747080467975,all_time
pb1mlw6hrg0fx79txuzq6frj2vms8gvxntep75f67,Other,13,1453786.6,0.43825291953202505,all_time
pb1mlw6hrg0fx79txuzq6frj2vms8gvxntep75f67,Unknown,2,,0.0,all_time
pb1pax2c49kxep98gmwd0fkgj97cg3njcrv9u7kkg,Other,9,674978.87,0.5198402951331252,all_time
pb1pax2c49kxep98gmwd0fkgj97cg3njcrv9u7kkg,HELOC/Property-Secured,8,623456.2,0.48015970486687487,all_time
pb1pax2c49kxep98gmwd0fkgj97cg3njcrv9u7kkg,Unknown,1,,0.0,all_time
pb1q49f43xymsvm92uw8rm2q3qtckm6n4psfp4uju,Unknown,1,,,all_time
pb1q4ffj426hu5fj0h7muy2h7hj6sqmqe7vz67245,Other,41,3872084.1,0.5056148438399316,all_time
pb1q4ffj426hu5fj0h7muy2h7hj6sqmqe7vz67245,HELOC/Property-Secured,56,3786085.25,0.4943851561600685,all_time
pb1q4ffj426hu5fj0h7muy2h7hj6sqmqe7vz67245,Unknown,5,,0.0,all_time
pb1qjxvmds5pwjt3zursu967phrlf29ndtqr82r4e,Other,123,10762616.02,0.5416148964312287,all_time
pb1qjxvmds5pwjt3zursu967phrlf29ndtqr82r4e,HELOC/Property-Secured,111,9108728.16,0.45838510356877127,all_time
pb1qjxvmds5pwjt3zursu967phrlf29ndtqr82r4e,Unknown,15,,0.0,all_time
pb1qqzphpm5wlnere7ctv65zef82vgfjq2vppvefg,HELOC/Property-Secured,53,5307584.64,0.5865021256984394,all_time
pb1qqzphpm5wlnere7ctv65zef82vgfjq2vppvefg,Other,33,3741972.74,0.41349787430156065,all_time
pb1qqzphpm5wlnere7ctv65zef82vgfjq2vppvefg,Unknown,10,,0.0,all_time
pb1qrzad80dpwqd07xqa9durfm8ngek9vnv3s9z04,Other,7,603304.86,0.5094497953599808,all_time
pb1qrzad80dpwqd07xqa9durfm8ngek9vnv3s9z04,HELOC/Property-Secured,8,580923.4299999999,0.49055020464001914,all_time
pb1qrzad80dpwqd07xqa9durfm8ngek9vnv3s9z04,Unknown,1,,0.0,all_time
pb1rhnldxjfcv8e8kdt6mf6pyvqp92c4vyxskzt8t,HELOC/Property-Secured,1,51050.0,1.0,all_time
pb1rjmhnyvcxmkkl5hj3h598tkrvqv829txnd3vg9,HELOC/Property-Secured,3,178884.81,0.5570506270294449,all_time
pb1rjmhnyvcxmkkl5hj3h598tkrvqv829txnd3vg9,Other,3,142243.65,0.4429493729705552,all_time
pb1rjmhnyvcxmkkl5hj3h598tkrvqv829txnd3vg9,Unknown,2,,0.0,all_time
pb1rsc5424sgxhxd6jfxr6n7agl50c7kxppkult50,HELOC/Property-Secured,9,343990.34,0.6820484679631054,all_time
pb1rsc5424sgxhxd6jfxr6n7agl50c7kxppkult50,Other,3,160358.48,0.3179515320368946,all_time
pb1rsc5424sgxhxd6jfxr6n7agl50c7kxppkult50,Unknown,1,,0.0,all_time
pb1s09xec76lk273ufl06p7j6q7m9cw788a0nnx9m,Other,3,543662.38,0.7078478889641691,all_time
pb1s09xec76lk273ufl06p7j6q7m9cw788a0nnx9m,HELOC/Property-Secured,2,224387.35,0.292152111035831,all_time
pb1s09xec76lk273ufl06p7j6q7m9cw788a0nnx9m,Unknown,1,,0.0,all_time
pb1s3cs34nl2q9sgqpwp69mq9ey82pkr6uwucv62p,Other,16,1849485.41,0.6395091613841882,all_time
pb1s3cs34nl2q9sgqpwp69mq9ey82pkr6uwucv62p,HELOC/Property-Secured,11,1042553.55,0.36049083861581177,all_time
pb1s3cs34nl2q9sgqpwp69mq9ey82pkr6uwucv62p,Unknown,1,,0.0,all_time
pb1sdentsz7ymu9qv3rvyscnseqyj02z2dvrakywv,Other,35,3220141.61,0.5663401876652768,all_time
pb1sdentsz7ymu9qv3rvyscnseqyj02z2dvrakywv,HELOC/Property-Secured,25,2465737.09,0.4336598123347232,all_time
pb1sdentsz7ymu9qv3rvyscnseqyj02z2dvrakywv,Unknown,1,,0.0,all_time
pb1t8e7n3dd5hd0rcwc33sqjwkrwh52qxylw8hvkl,Other,26,4254158.29,0.7191666603441862,all_time
pb1t8e7n3dd5hd0rcwc33sqjwkrwh52qxylw8hvkl,HELOC/Property-Secured,21,1661241.47,0.2808333396558139,all_time
pb1t8e7n3dd5hd0rcwc33sqjwkrwh52qxylw8hvkl,Unknown,4,,0.0,all_time
pb1tntasskkhfuaeataw3qj6ed7u4gmlcxz69tppu,Other,57,3398967.36,0.5685472791044731,all_time
pb1tntasskkhfuaeataw3qj6ed7u4gmlcxz69tppu,HELOC/Property-Secured,53,2579369.86,0.4314527208955269,all_time
pb1tntasskkhfuaeataw3qj6ed7u4gmlcxz69tppu,Unknown,11,,0.0,all_time
pb1ucm247a2w2wwkfkck2j83mgle05959r3a39s96,Other,8,1208782.0,0.6744240950098714,all_time
pb1ucm247a2w2wwkfkck2j83mgle05959r3a39s96,HELOC/Property-Secured,6,583535.34,0.3255759049901286,all_time
pb1urn5mj5trz3m24qf8fj73udy55gla6eunt4ha4,HELOC/Property-Secured,46,4557773.4799999995,0.5418420857140891,all_time
pb1urn5mj5trz3m24qf8fj73udy55gla6eunt4ha4,Other,43,3853853.4499999997,0.4581579142859109,all_time
pb1urn5mj5trz3m24qf8fj73udy55gla6eunt4ha4,Unknown,8,,0.0,all_time
pb1v3uda8qgxv69tx6wclsp0jn4n8xxa5h7gpt2jp,HELOC/Property-Secured,150,8972525.81,0.5057738403375805,all_time
pb1v3uda8qgxv69tx6wclsp0jn4n8xxa5h7gpt2jp,Other,157,8767667.72,0.49422615966241945,all_time
pb1v3uda8qgxv69tx6wclsp0jn4n8xxa5h7gpt2jp,Unknown,17,,0.0,all_time
pb1vcvv37pka8nyk2q3lkxz56c3ljeu4p7nkd2mdt,HELOC/Property-Secured,19,2004005.99,0.6321636290727273,all_time
pb1vcvv37pka8nyk2q3lkxz56c3ljeu4p7nkd2mdt,Other,12,1166068.81,0.3678363709272728,all_time
pb1vcvv37pka8nyk2q3lkxz56c3ljeu4p7nkd2mdt,Unknown,1,,0.0,all_time
pb1vfx4xuhvynkrw583hw9t799e4hgez2mh04psmv,Auto,686,13234732.91,1.0,all_time
pb1vfx4xuhvynkrw583hw9t799e4hgez2mh04psmv,Unknown,62,,0.0,all_time
pb1xn26pu6csqg4vj2apq4x4muvc8g2vgazea9ack,HELOC/Property-Secured,2313,459679664.0,1.0,all_time
pb1xn26pu6csqg4vj2apq4x4muvc8g2vgazea9ack,Unknown,244,,0.0,all_time
pb1xvd4k9jg5h0d4dhzr4z0txtwe9p5zxf58xcmxd,Other,5885,259325132.19,0.478569887266088,all_time
pb1xvd4k9jg5h0d4dhzr4z0txtwe9p5zxf58xcmxd,HELOC/Property-Secured,2516,233000148.92,0.42998861722329434,all_time
pb1xvd4k9jg5h0d4dhzr4z0txtwe9p5zxf58xcmxd,Consumer/Unsecured,3718,49549874.62,0.09144149551061757,all_time
pb1xvd4k9jg5h0d4dhzr4z0txtwe9p5zxf58xcmxd,Unknown,1201,,0.0,all_time
pb1xxdjdaasyfq2sew8e8pvpmc7nkktc9ksrmdlq4,HELOC/Property-Secured,15,930764.24,0.5701672733390505,all_time
pb1xxdjdaasyfq2sew8e8pvpmc7nkktc9ksrmdlq4,Other,13,701676.42,0.42983272666094946,all_time
pb1xxdjdaasyfq2sew8e8pvpmc7nkktc9ksrmdlq4,Unknown,1,,0.0,all_time
pb1xzl9wgh0ry2dma43f58vmuteqd3996j6mhqhgz,Other,262,25742315.81,0.5865763412800435,all_time
pb1xzl9wgh0ry2dma43f58vmuteqd3996j6mhqhgz,HELOC/Property-Secured,217,18143388.4,0.41342365871995657,all_time
pb1xzl9wgh0ry2dma43f58vmuteqd3996j6mhqhgz,Unknown,44,,0.0,all_time
pb1xzvkzyt5q3940rp2e299hx0e5udrhgne2a8ylk,Other,48,4281359.8,0.5682137683958761,all_time
pb1xzvkzyt5q3940rp2e299hx0e5udrhgne2a8ylk,HELOC/Property-Secured,41,3253409.75,0.4317862316041239,all_time
pb1xzvkzyt5q3940rp2e299hx0e5udrhgne2a8ylk,Unknown,10,,0.0,all_time
pb1yanv2m82r4j90len04gf8hftqgelhtu885ekw8,Other,56,5510090.75,0.5254342887229025,all_time
pb1yanv2m82r4j90len04gf8hftqgelhtu885ekw8,HELOC/Property-Secured,52,4976645.4,0.4745657112770974,all_time
pb1yanv2m82r4j90len04gf8hftqgelhtu885ekw8,Unknown,3,,0.0,all_time
pb1ynpk833mljl5v4jl6qx6t6t4cqzy3nkx06ce8y,Other,1,125946.0,1.0,all_time
pb1zxmqmr8euz8lu6q8yvr6m2udm77xqcyn7tk0yy,Other,25,2805677.94,0.5605975567373115,all_time
pb1zxmqmr8euz8lu6q8yvr6m2udm77xqcyn7tk0yy,HELOC/Property-Secured,31,2199120.79,0.4394024432626884,all_time
pb1zxmqmr8euz8lu6q8yvr6m2udm77xqcyn7tk0yy,Unknown,6,,0.0,all_time
